solo_competitive_rank,rank_tier,competitive_rank,mmr_estimate,leaderboard_rank,account_id,personaname,name,plus,cheese,steamid,avatar,avatarmedium,avatarfull,profileurl,last_login,loccountrycode,status,is_contributor,is_subscriber
,80.0,,{'estimate': 4946},2762.0,72253508,pudge,,False,0,76561198032519236,https://avatars.steamstatic.com/0368bba8f5e50ad318aa340652d16f3258f9da47.jpg,https://avatars.steamstatic.com/0368bba8f5e50ad318aa340652d16f3258f9da47_medium.jpg,https://avatars.steamstatic.com/0368bba8f5e50ad318aa340652d16f3258f9da47_full.jpg,https://steamcommunity.com/profiles/76561198032519236/,,,,False,False
,80.0,,{'estimate': 4799},198.0,248741969,仙人掌兽,,False,0,76561198209007697,https://avatars.steamstatic.com/fb2dd9843b7115b0808fb98f4d20d52735859b87.jpg,https://avatars.steamstatic.com/fb2dd9843b7115b0808fb98f4d20d52735859b87_medium.jpg,https://avatars.steamstatic.com/fb2dd9843b7115b0808fb98f4d20d52735859b87_full.jpg,https://steamcommunity.com/profiles/76561198209007697/,,CN,,False,False
,80.0,,{'estimate': 4953},3732.0,143163497,狗脑壳。,,False,0,76561198103429225,https://avatars.steamstatic.com/fef49e7fa7e1997310d705b2a6158ff8dc1cdfeb.jpg,https://avatars.steamstatic.com/fef49e7fa7e1997310d705b2a6158ff8dc1cdfeb_medium.jpg,https://avatars.steamstatic.com/fef49e7fa7e1997310d705b2a6158ff8dc1cdfeb_full.jpg,https://steamcommunity.com/profiles/76561198103429225/,,,,False,False
,80.0,,{'estimate': 4440},4929.0,331776191,雷神,,False,0,76561198292041919,https://avatars.steamstatic.com/1b08895661b1d4b142847a453ca59d825800fa40.jpg,https://avatars.steamstatic.com/1b08895661b1d4b142847a453ca59d825800fa40_medium.jpg,https://avatars.steamstatic.com/1b08895661b1d4b142847a453ca59d825800fa40_full.jpg,https://steamcommunity.com/id/LACACHICA/,,PH,,False,False
3394.0,80.0,2947.0,{'estimate': 3813},,411632574,Geekin',,False,0,76561198371898302,https://avatars.steamstatic.com/35355a0470f4e4ee6e1dfa00776d1d0d9489d183.jpg,https://avatars.steamstatic.com/35355a0470f4e4ee6e1dfa00776d1d0d9489d183_medium.jpg,https://avatars.steamstatic.com/35355a0470f4e4ee6e1dfa00776d1d0d9489d183_full.jpg,https://steamcommunity.com/profiles/76561198371898302/,,RU,,False,False
,,,{'estimate': 3854},,561775571,Kyle Dexter,,False,0,76561198522041299,https://avatars.steamstatic.com/425d9ed1e78cee5eed6e83d400e315adf813677d.jpg,https://avatars.steamstatic.com/425d9ed1e78cee5eed6e83d400e315adf813677d_medium.jpg,https://avatars.steamstatic.com/425d9ed1e78cee5eed6e83d400e315adf813677d_full.jpg,https://steamcommunity.com/profiles/76561198522041299/,2018-06-08T12:03:55.275Z,DE,,False,False
6344.0,80.0,,{'estimate': 5277},,245893777,Al,,False,0,76561198206159505,https://avatars.steamstatic.com/8169030d997917fcfad4df8a9394b92df2566c7c.jpg,https://avatars.steamstatic.com/8169030d997917fcfad4df8a9394b92df2566c7c_medium.jpg,https://avatars.steamstatic.com/8169030d997917fcfad4df8a9394b92df2566c7c_full.jpg,https://steamcommunity.com/profiles/76561198206159505/,,SG,,False,False
4009.0,41.0,4335.0,{'estimate': 3487},,175508169,THE WORST ONE,,True,0,76561198135773897,https://avatars.steamstatic.com/7df848cd998d46f311e45c840c231b0ac5d8e051.jpg,https://avatars.steamstatic.com/7df848cd998d46f311e45c840c231b0ac5d8e051_medium.jpg,https://avatars.steamstatic.com/7df848cd998d46f311e45c840c231b0ac5d8e051_full.jpg,https://steamcommunity.com/id/548978782545/,,UA,,False,False
,80.0,,{'estimate': 4581},2192.0,111348444,Friday,,False,0,76561198071614172,https://avatars.steamstatic.com/7429bdc6618b019bd6628917dc7f2ea510c75037.jpg,https://avatars.steamstatic.com/7429bdc6618b019bd6628917dc7f2ea510c75037_medium.jpg,https://avatars.steamstatic.com/7429bdc6618b019bd6628917dc7f2ea510c75037_full.jpg,https://steamcommunity.com/id/uunuu04/,,KR,,False,False
6037.0,80.0,5127.0,{'estimate': 4394},822.0,130650420,点点的逆袭,,True,0,76561198090916148,https://avatars.steamstatic.com/53b6cba263c29cfef4e45235617edf546c8ebe2f.jpg,https://avatars.steamstatic.com/53b6cba263c29cfef4e45235617edf546c8ebe2f_medium.jpg,https://avatars.steamstatic.com/53b6cba263c29cfef4e45235617edf546c8ebe2f_full.jpg,https://steamcommunity.com/profiles/76561198090916148/,2016-02-09T01:25:27.862Z,CN,,False,False
3675.0,80.0,4563.0,{'estimate': 4666},2849.0,193206507,Cynewig,,True,0,76561198153472235,https://avatars.steamstatic.com/2953f399e2645f04edd83edfc350682da1e569b3.jpg,https://avatars.steamstatic.com/2953f399e2645f04edd83edfc350682da1e569b3_medium.jpg,https://avatars.steamstatic.com/2953f399e2645f04edd83edfc350682da1e569b3_full.jpg,https://steamcommunity.com/profiles/76561198153472235/,,CN,,False,False
3804.0,80.0,3408.0,{'estimate': 4466},2227.0,163913761,U re absolutely s.h.i.t!,,False,0,76561198124179489,https://avatars.steamstatic.com/c6a2396b718bb959602bfbb93df574f5b693d190.jpg,https://avatars.steamstatic.com/c6a2396b718bb959602bfbb93df574f5b693d190_medium.jpg,https://avatars.steamstatic.com/c6a2396b718bb959602bfbb93df574f5b693d190_full.jpg,https://steamcommunity.com/profiles/76561198124179489/,,KW,,False,False
,,,{'estimate': 2156},,146874447,SHARP,,False,0,76561198107140175,https://avatars.steamstatic.com/64c9e10cfce17ae07c3c25129de31e39277771db.jpg,https://avatars.steamstatic.com/64c9e10cfce17ae07c3c25129de31e39277771db_medium.jpg,https://avatars.steamstatic.com/64c9e10cfce17ae07c3c25129de31e39277771db_full.jpg,https://steamcommunity.com/profiles/76561198107140175/,,RU,,False,False
,80.0,,{'estimate': 4565},,314024034,GOLDEN☆BEST REBECCA,,False,0,76561198274289762,https://avatars.steamstatic.com/042c16c170de10c0cfc002922ca84275b25ffe41.jpg,https://avatars.steamstatic.com/042c16c170de10c0cfc002922ca84275b25ffe41_medium.jpg,https://avatars.steamstatic.com/042c16c170de10c0cfc002922ca84275b25ffe41_full.jpg,https://steamcommunity.com/id/765611982742897/,,,,False,False
,35.0,,{'estimate': 2503},,896868529,А КОГДА НЕ ДЕЛАЛИ?,,False,0,76561198857134257,https://avatars.steamstatic.com/a627d3c0e9fe310d6ce9538c3594376522acbb00.jpg,https://avatars.steamstatic.com/a627d3c0e9fe310d6ce9538c3594376522acbb00_medium.jpg,https://avatars.steamstatic.com/a627d3c0e9fe310d6ce9538c3594376522acbb00_full.jpg,https://steamcommunity.com/profiles/76561198857134257/,,RU,,False,False
4501.0,80.0,,{'estimate': 4809},2496.0,132294685,911,,False,0,76561198092560413,https://avatars.steamstatic.com/f8c3d4af9fd24eee24c48603d795b3ce4c0a53e2.jpg,https://avatars.steamstatic.com/f8c3d4af9fd24eee24c48603d795b3ce4c0a53e2_medium.jpg,https://avatars.steamstatic.com/f8c3d4af9fd24eee24c48603d795b3ce4c0a53e2_full.jpg,https://steamcommunity.com/profiles/76561198092560413/,,,,False,False
6582.0,80.0,5530.0,{'estimate': 5625},515.0,223719409,76561198183985137,,False,0,76561198183985137,https://avatars.steamstatic.com/fef49e7fa7e1997310d705b2a6158ff8dc1cdfeb.jpg,https://avatars.steamstatic.com/fef49e7fa7e1997310d705b2a6158ff8dc1cdfeb_medium.jpg,https://avatars.steamstatic.com/fef49e7fa7e1997310d705b2a6158ff8dc1cdfeb_full.jpg,https://steamcommunity.com/id/Czyme/,,CN,,False,False
,54.0,,{'estimate': 3387},,151531518,mika,,True,0,76561198111797246,https://avatars.steamstatic.com/754282020807fa94a4e9cc33d857ac93063f5dc5.jpg,https://avatars.steamstatic.com/754282020807fa94a4e9cc33d857ac93063f5dc5_medium.jpg,https://avatars.steamstatic.com/754282020807fa94a4e9cc33d857ac93063f5dc5_full.jpg,https://steamcommunity.com/profiles/76561198111797246/,,PT,,False,False
,,,{'estimate': 4306},,987246617,sdggdgdsd,,False,0,76561198947512345,https://steamcdn-a.akamaihd.net/steamcommunity/public/images/avatars/7b/7bbede038c81d43dd964dcb144d7977cade9ca02.jpg,https://steamcdn-a.akamaihd.net/steamcommunity/public/images/avatars/7b/7bbede038c81d43dd964dcb144d7977cade9ca02_medium.jpg,https://steamcdn-a.akamaihd.net/steamcommunity/public/images/avatars/7b/7bbede038c81d43dd964dcb144d7977cade9ca02_full.jpg,https://steamcommunity.com/id/sddgsg/,,JP,,False,False
,,,{'estimate': 1369},,1208954924,енршвеншлпар,,,0,76561199169220652,https://avatars.steamstatic.com/fef49e7fa7e1997310d705b2a6158ff8dc1cdfeb.jpg,https://avatars.steamstatic.com/fef49e7fa7e1997310d705b2a6158ff8dc1cdfeb_medium.jpg,https://avatars.steamstatic.com/fef49e7fa7e1997310d705b2a6158ff8dc1cdfeb_full.jpg,https://steamcommunity.com/profiles/76561199169220652/,,,,False,False
,,,{'estimate': 2125},,798770,Баштыр,,False,0,76561197961064498,https://avatars.steamstatic.com/f694af700a588441df36446f4337acf51bd0a946.jpg,https://avatars.steamstatic.com/f694af700a588441df36446f4337acf51bd0a946_medium.jpg,https://avatars.steamstatic.com/f694af700a588441df36446f4337acf51bd0a946_full.jpg,https://steamcommunity.com/id/sevman/,,RU,,False,False
5619.0,80.0,5386.0,{'estimate': 5179},765.0,86782037,有马.,,False,0,76561198047047765,https://avatars.steamstatic.com/176dd5fc1dc3fbbeadd7a4355bbd3ee9bb24feb7.jpg,https://avatars.steamstatic.com/176dd5fc1dc3fbbeadd7a4355bbd3ee9bb24feb7_medium.jpg,https://avatars.steamstatic.com/176dd5fc1dc3fbbeadd7a4355bbd3ee9bb24feb7_full.jpg,https://steamcommunity.com/profiles/76561198047047765/,2016-02-11T08:25:58.580Z,,,False,False
2954.0,80.0,,{'estimate': 4444},4718.0,77053789,-KnowLedgE,,True,0,76561198037319517,https://avatars.steamstatic.com/48772bcb492f858327eb0cb89e36eb79c66b8061.jpg,https://avatars.steamstatic.com/48772bcb492f858327eb0cb89e36eb79c66b8061_medium.jpg,https://avatars.steamstatic.com/48772bcb492f858327eb0cb89e36eb79c66b8061_full.jpg,https://steamcommunity.com/profiles/76561198037319517/,2019-12-24T17:31:28.382Z,BG,,False,False
,80.0,,{'estimate': 3900},3243.0,1027391389,MeepoMeepo,,False,0,76561198987657117,https://avatars.steamstatic.com/f614b4129211776dd9d2b68607ec7bf3aa5146a4.jpg,https://avatars.steamstatic.com/f614b4129211776dd9d2b68607ec7bf3aa5146a4_medium.jpg,https://avatars.steamstatic.com/f614b4129211776dd9d2b68607ec7bf3aa5146a4_full.jpg,https://steamcommunity.com/profiles/76561198987657117/,,,,False,False
,,,{'estimate': 3156},,69451786,Friends Can Break Your Heart Too,,False,0,76561198029717514,https://avatars.steamstatic.com/22b8f30ee833b499d1b666df18aa73c85187db86.jpg,https://avatars.steamstatic.com/22b8f30ee833b499d1b666df18aa73c85187db86_medium.jpg,https://avatars.steamstatic.com/22b8f30ee833b499d1b666df18aa73c85187db86_full.jpg,https://steamcommunity.com/id/RyanT13/,,CA,,False,False
,80.0,,{'estimate': 4583},2002.0,296534030,N[o]Pasaran,,False,0,76561198256799758,https://avatars.steamstatic.com/7d4feadd2d40b5d9418350f1174a00008e11c524.jpg,https://avatars.steamstatic.com/7d4feadd2d40b5d9418350f1174a00008e11c524_medium.jpg,https://avatars.steamstatic.com/7d4feadd2d40b5d9418350f1174a00008e11c524_full.jpg,https://steamcommunity.com/profiles/76561198256799758/,,RU,,False,False
,80.0,,{'estimate': 4632},2293.0,480723099,Farm mode,,False,0,76561198440988827,https://avatars.steamstatic.com/9abf7d6f175b9ffe9a13f3f0e290a864b02d2ed5.jpg,https://avatars.steamstatic.com/9abf7d6f175b9ffe9a13f3f0e290a864b02d2ed5_medium.jpg,https://avatars.steamstatic.com/9abf7d6f175b9ffe9a13f3f0e290a864b02d2ed5_full.jpg,https://steamcommunity.com/profiles/76561198440988827/,,CN,,False,False
4806.0,80.0,4662.0,{'estimate': 4807},3987.0,202819457,没头脑,,False,0,76561198163085185,https://avatars.steamstatic.com/3e24dc914aa7f5c555dfa592a9ec3b7c64476378.jpg,https://avatars.steamstatic.com/3e24dc914aa7f5c555dfa592a9ec3b7c64476378_medium.jpg,https://avatars.steamstatic.com/3e24dc914aa7f5c555dfa592a9ec3b7c64476378_full.jpg,https://steamcommunity.com/id/578286999/,,CN,,False,False
6006.0,80.0,,{'estimate': 4570},1822.0,115887962,耿鬼,,True,0,76561198076153690,https://avatars.steamstatic.com/752eb38c3b0bc6f74708ec2c3d44d00bda41edde.jpg,https://avatars.steamstatic.com/752eb38c3b0bc6f74708ec2c3d44d00bda41edde_medium.jpg,https://avatars.steamstatic.com/752eb38c3b0bc6f74708ec2c3d44d00bda41edde_full.jpg,https://steamcommunity.com/profiles/76561198076153690/,,,,False,False
,80.0,,{'estimate': 4312},4581.0,946458629,batang may laban,,False,0,76561198906724357,https://avatars.steamstatic.com/d210de6b878f16dc3b29881bbe9fee147a8bbaa1.jpg,https://avatars.steamstatic.com/d210de6b878f16dc3b29881bbe9fee147a8bbaa1_medium.jpg,https://avatars.steamstatic.com/d210de6b878f16dc3b29881bbe9fee147a8bbaa1_full.jpg,https://steamcommunity.com/profiles/76561198906724357/,,KE,,False,False
4502.0,80.0,3831.0,{'estimate': 5169},829.0,207179796,楚樱,,False,0,76561198167445524,https://avatars.steamstatic.com/79d6ac49ecff2bf24f9e22030f09f30eb4699495.jpg,https://avatars.steamstatic.com/79d6ac49ecff2bf24f9e22030f09f30eb4699495_medium.jpg,https://avatars.steamstatic.com/79d6ac49ecff2bf24f9e22030f09f30eb4699495_full.jpg,https://steamcommunity.com/profiles/76561198167445524/,,,,False,False
,,,{},,179820618,Rockfella,,False,0,76561198140086346,https://avatars.steamstatic.com/04850a1740500182edfa4fe8ee61be2106c88b55.jpg,https://avatars.steamstatic.com/04850a1740500182edfa4fe8ee61be2106c88b55_medium.jpg,https://avatars.steamstatic.com/04850a1740500182edfa4fe8ee61be2106c88b55_full.jpg,https://steamcommunity.com/profiles/76561198140086346/,,KZ,,False,False
,80.0,,{'estimate': 4472},4345.0,895146130,NoMore,,False,0,76561198855411858,https://avatars.steamstatic.com/d5da57e3d4b9e983fb9d15722ef32539dc048755.jpg,https://avatars.steamstatic.com/d5da57e3d4b9e983fb9d15722ef32539dc048755_medium.jpg,https://avatars.steamstatic.com/d5da57e3d4b9e983fb9d15722ef32539dc048755_full.jpg,https://steamcommunity.com/id/neeshtededa/,,SJ,,False,False
,45.0,,{'estimate': 3193},,427251891,Гаджегульвин,,False,0,76561198387517619,https://avatars.steamstatic.com/ccb5aa9ca2db6026e4303d95acf6c11f0540aff5.jpg,https://avatars.steamstatic.com/ccb5aa9ca2db6026e4303d95acf6c11f0540aff5_medium.jpg,https://avatars.steamstatic.com/ccb5aa9ca2db6026e4303d95acf6c11f0540aff5_full.jpg,https://steamcommunity.com/profiles/76561198387517619/,,,,False,False
701.0,,891.0,{'estimate': 2257},,297820098,ardika_1205,,False,0,76561198258085826,https://avatars.steamstatic.com/7ba06b5c7da33e53f166f3d7ae75c65c82f20a6a.jpg,https://avatars.steamstatic.com/7ba06b5c7da33e53f166f3d7ae75c65c82f20a6a_medium.jpg,https://avatars.steamstatic.com/7ba06b5c7da33e53f166f3d7ae75c65c82f20a6a_full.jpg,https://steamcommunity.com/profiles/76561198258085826/,,,,False,False
5317.0,80.0,4366.0,{'estimate': 4890},3259.0,115269893,apes legends,,False,0,76561198075535621,https://avatars.steamstatic.com/52d37baa4931c900c3e5807e25c43f95660cf106.jpg,https://avatars.steamstatic.com/52d37baa4931c900c3e5807e25c43f95660cf106_medium.jpg,https://avatars.steamstatic.com/52d37baa4931c900c3e5807e25c43f95660cf106_full.jpg,https://steamcommunity.com/id/dontwanttowakeup/,2017-08-19T15:59:21.469Z,RU,,False,False
,,,{'estimate': 3729},,299327758,123456789012,,False,0,76561198259593486,https://avatars.steamstatic.com/fb9c36c36e54b8ca5f2e1cbd89c06574d1348af0.jpg,https://avatars.steamstatic.com/fb9c36c36e54b8ca5f2e1cbd89c06574d1348af0_medium.jpg,https://avatars.steamstatic.com/fb9c36c36e54b8ca5f2e1cbd89c06574d1348af0_full.jpg,https://steamcommunity.com/id/tuohdigindee/,,,,False,False
5765.0,80.0,5525.0,{'estimate': 5445},3119.0,91907884,JavierNS.Y,,True,0,76561198052173612,https://avatars.steamstatic.com/acee28c6f6abaa23d608064f68c5a9a0faa51076.jpg,https://avatars.steamstatic.com/acee28c6f6abaa23d608064f68c5a9a0faa51076_medium.jpg,https://avatars.steamstatic.com/acee28c6f6abaa23d608064f68c5a9a0faa51076_full.jpg,https://steamcommunity.com/id/JavierNS/,2022-09-07T22:27:13.960Z,ES,,False,False
3065.0,,2561.0,{'estimate': 2916},,190375861,油炸豆腐,,False,0,76561198150641589,https://avatars.steamstatic.com/fef49e7fa7e1997310d705b2a6158ff8dc1cdfeb.jpg,https://avatars.steamstatic.com/fef49e7fa7e1997310d705b2a6158ff8dc1cdfeb_medium.jpg,https://avatars.steamstatic.com/fef49e7fa7e1997310d705b2a6158ff8dc1cdfeb_full.jpg,https://steamcommunity.com/profiles/76561198150641589/,,,,False,False
,24.0,,{'estimate': 2667},,279963686,>>>,,False,0,76561198240229414,https://avatars.steamstatic.com/31b7c5326559d950ff9e8e1ebc1b636c3540364c.jpg,https://avatars.steamstatic.com/31b7c5326559d950ff9e8e1ebc1b636c3540364c_medium.jpg,https://avatars.steamstatic.com/31b7c5326559d950ff9e8e1ebc1b636c3540364c_full.jpg,https://steamcommunity.com/profiles/76561198240229414/,,,,False,False
,31.0,,{'estimate': 3058},,1003187889,jampong,,False,0,76561198963453617,https://avatars.steamstatic.com/7258a7519bbfeb05a1084d6aac97e29f4e6d9519.jpg,https://avatars.steamstatic.com/7258a7519bbfeb05a1084d6aac97e29f4e6d9519_medium.jpg,https://avatars.steamstatic.com/7258a7519bbfeb05a1084d6aac97e29f4e6d9519_full.jpg,https://steamcommunity.com/profiles/76561198963453617/,,,,False,False
,,2150.0,{'estimate': 2440},,374173521,Tiakcukcam,,False,0,76561198334439249,https://avatars.steamstatic.com/e9270b4d85f1d5818b5782e480a1e382d8e018c9.jpg,https://avatars.steamstatic.com/e9270b4d85f1d5818b5782e480a1e382d8e018c9_medium.jpg,https://avatars.steamstatic.com/e9270b4d85f1d5818b5782e480a1e382d8e018c9_full.jpg,https://steamcommunity.com/profiles/76561198334439249/,,,,False,False
,80.0,,{'estimate': 3944},4341.0,89026526,失踪人口,,False,0,76561198049292254,https://avatars.steamstatic.com/39f48116121e4e269386634c7bec564e85dd558c.jpg,https://avatars.steamstatic.com/39f48116121e4e269386634c7bec564e85dd558c_medium.jpg,https://avatars.steamstatic.com/39f48116121e4e269386634c7bec564e85dd558c_full.jpg,https://steamcommunity.com/profiles/76561198049292254/,,,,False,False
4345.0,80.0,2643.0,{'estimate': 4580},3318.0,214464143,я такая же хуйня,,False,0,76561198174729871,https://avatars.steamstatic.com/0484ad7698bf1ddb8e131819c213e06c07e9e85f.jpg,https://avatars.steamstatic.com/0484ad7698bf1ddb8e131819c213e06c07e9e85f_medium.jpg,https://avatars.steamstatic.com/0484ad7698bf1ddb8e131819c213e06c07e9e85f_full.jpg,https://steamcommunity.com/profiles/76561198174729871/,2021-12-28T12:05:08.187Z,NE,,False,False
,80.0,,{'estimate': 4610},4478.0,1046463492,Компот веселья,,False,0,76561199006729220,https://avatars.steamstatic.com/905da7376fb425133d7e7c4b56cd86297c5c347b.jpg,https://avatars.steamstatic.com/905da7376fb425133d7e7c4b56cd86297c5c347b_medium.jpg,https://avatars.steamstatic.com/905da7376fb425133d7e7c4b56cd86297c5c347b_full.jpg,https://steamcommunity.com/profiles/76561199006729220/,,,,False,False
,,,{'estimate': 3943},,73155079,Noah,,False,0,76561198033420807,https://avatars.steamstatic.com/1cd6b3fad026a2dfd02f21f4c79665de45edc678.jpg,https://avatars.steamstatic.com/1cd6b3fad026a2dfd02f21f4c79665de45edc678_medium.jpg,https://avatars.steamstatic.com/1cd6b3fad026a2dfd02f21f4c79665de45edc678_full.jpg,https://steamcommunity.com/profiles/76561198033420807/,,,,False,False
,80.0,,{'estimate': 5484},1083.0,458624011,sin,,False,0,76561198418889739,https://avatars.steamstatic.com/fef49e7fa7e1997310d705b2a6158ff8dc1cdfeb.jpg,https://avatars.steamstatic.com/fef49e7fa7e1997310d705b2a6158ff8dc1cdfeb_medium.jpg,https://avatars.steamstatic.com/fef49e7fa7e1997310d705b2a6158ff8dc1cdfeb_full.jpg,https://steamcommunity.com/profiles/76561198418889739/,,,,False,False
,80.0,,{'estimate': 4472},3501.0,922664462,嘻嘻,,False,0,76561198882930190,https://avatars.steamstatic.com/83643a9b99ef68298cb305a615c8310693a9331c.jpg,https://avatars.steamstatic.com/83643a9b99ef68298cb305a615c8310693a9331c_medium.jpg,https://avatars.steamstatic.com/83643a9b99ef68298cb305a615c8310693a9331c_full.jpg,https://steamcommunity.com/profiles/76561198882930190/,,,,False,False
,80.0,,{'estimate': 4849},3625.0,162180111,XD,,False,0,76561198122445839,https://avatars.steamstatic.com/9bf074b8873632d05b78fbe23ed0b72852cd19d6.jpg,https://avatars.steamstatic.com/9bf074b8873632d05b78fbe23ed0b72852cd19d6_medium.jpg,https://avatars.steamstatic.com/9bf074b8873632d05b78fbe23ed0b72852cd19d6_full.jpg,https://steamcommunity.com/profiles/76561198122445839/,,,,False,False
,,,{'estimate': 3975},,376913427,KamaS|GaMoN,,False,0,76561198337179155,https://avatars.steamstatic.com/ee62153aa5f10db36a245b21224173a94b936900.jpg,https://avatars.steamstatic.com/ee62153aa5f10db36a245b21224173a94b936900_medium.jpg,https://avatars.steamstatic.com/ee62153aa5f10db36a245b21224173a94b936900_full.jpg,https://steamcommunity.com/profiles/76561198337179155/,,,,False,False
3747.0,80.0,4134.0,{'estimate': 5708},285.0,427606549,Aboslute,Aloha,False,0,76561198387872277,https://avatars.steamstatic.com/8bd33226d77544f8c998ba9d1af87e22aca20edc.jpg,https://avatars.steamstatic.com/8bd33226d77544f8c998ba9d1af87e22aca20edc_medium.jpg,https://avatars.steamstatic.com/8bd33226d77544f8c998ba9d1af87e22aca20edc_full.jpg,https://steamcommunity.com/profiles/76561198387872277/,2019-01-03T06:53:10.464Z,,,False,False
,80.0,,{'estimate': 4699},1081.0,260184615,stranger,,False,0,76561198220450343,https://avatars.steamstatic.com/6641e75b8730bc462b567a35cb525ffc85931fcb.jpg,https://avatars.steamstatic.com/6641e75b8730bc462b567a35cb525ffc85931fcb_medium.jpg,https://avatars.steamstatic.com/6641e75b8730bc462b567a35cb525ffc85931fcb_full.jpg,https://steamcommunity.com/profiles/76561198220450343/,,,,False,False
1692.0,,2168.0,{'estimate': 2111},,131684905,古兰经倒背如流,,False,0,76561198091950633,https://avatars.steamstatic.com/b06093555b8c23375db9959e2ff96282bcb8e557.jpg,https://avatars.steamstatic.com/b06093555b8c23375db9959e2ff96282bcb8e557_medium.jpg,https://avatars.steamstatic.com/b06093555b8c23375db9959e2ff96282bcb8e557_full.jpg,https://steamcommunity.com/profiles/76561198091950633/,,,,False,False
,42.0,,{'estimate': 3077},,132039214,Milk,,False,0,76561198092304942,https://avatars.steamstatic.com/18cf9e93edbe79213f24fd277a0c8fc05e9ec68f.jpg,https://avatars.steamstatic.com/18cf9e93edbe79213f24fd277a0c8fc05e9ec68f_medium.jpg,https://avatars.steamstatic.com/18cf9e93edbe79213f24fd277a0c8fc05e9ec68f_full.jpg,https://steamcommunity.com/id/Ggpunky/,,US,,False,False
5171.0,80.0,3956.0,{'estimate': 4196},772.0,140011059,葫芦娃,,False,0,76561198100276787,https://avatars.steamstatic.com/fd4eb830996666a1f32280771c3180cb46da0bad.jpg,https://avatars.steamstatic.com/fd4eb830996666a1f32280771c3180cb46da0bad_medium.jpg,https://avatars.steamstatic.com/fd4eb830996666a1f32280771c3180cb46da0bad_full.jpg,https://steamcommunity.com/profiles/76561198100276787/,,,,False,False
,,,{},,116842042,Vươngzz,,False,0,76561198077107770,https://avatars.steamstatic.com/5990250d448bc9bc2fce41b0c378ba4515a7b4c3.jpg,https://avatars.steamstatic.com/5990250d448bc9bc2fce41b0c378ba4515a7b4c3_medium.jpg,https://avatars.steamstatic.com/5990250d448bc9bc2fce41b0c378ba4515a7b4c3_full.jpg,https://steamcommunity.com/id/VnShilver1st/,,VN,,False,False
4676.0,80.0,,{'estimate': 4949},1438.0,90544703,Hoshigaki Kisame - 〃,,False,0,76561198050810431,https://avatars.steamstatic.com/6a9eebe1db9a96e4876a381fa4a808476395fe8e.jpg,https://avatars.steamstatic.com/6a9eebe1db9a96e4876a381fa4a808476395fe8e_medium.jpg,https://avatars.steamstatic.com/6a9eebe1db9a96e4876a381fa4a808476395fe8e_full.jpg,https://steamcommunity.com/profiles/76561198050810431/,,RU,,False,False
4092.0,52.0,4138.0,{'estimate': 3800},,295831105,DOODLES,,True,0,76561198256096833,https://avatars.steamstatic.com/83a40ec73950db3fbb3fcf2ac5faab54d3fa14e1.jpg,https://avatars.steamstatic.com/83a40ec73950db3fbb3fcf2ac5faab54d3fa14e1_medium.jpg,https://avatars.steamstatic.com/83a40ec73950db3fbb3fcf2ac5faab54d3fa14e1_full.jpg,https://steamcommunity.com/profiles/76561198256096833/,,UA,,False,False
,80.0,,{'estimate': 5081},1926.0,140571204,LingoRingo,,False,0,76561198100836932,https://avatars.steamstatic.com/6156e3cf44b6be7a0c907986d8c1190da798c35b.jpg,https://avatars.steamstatic.com/6156e3cf44b6be7a0c907986d8c1190da798c35b_medium.jpg,https://avatars.steamstatic.com/6156e3cf44b6be7a0c907986d8c1190da798c35b_full.jpg,https://steamcommunity.com/profiles/76561198100836932/,,,,False,False
,80.0,,{'estimate': 5035},3911.0,909236804,ouns,,False,0,76561198869502532,https://avatars.steamstatic.com/86102ba2bcf17ef9351fb5254801dffafc8b7131.jpg,https://avatars.steamstatic.com/86102ba2bcf17ef9351fb5254801dffafc8b7131_medium.jpg,https://avatars.steamstatic.com/86102ba2bcf17ef9351fb5254801dffafc8b7131_full.jpg,https://steamcommunity.com/profiles/76561198869502532/,,JP,,False,False
4659.0,80.0,3980.0,{'estimate': 4537},4993.0,342388807,机会,,False,0,76561198302654535,https://avatars.steamstatic.com/4a74b09a6e747006300e01b0ae6184b4733c8878.jpg,https://avatars.steamstatic.com/4a74b09a6e747006300e01b0ae6184b4733c8878_medium.jpg,https://avatars.steamstatic.com/4a74b09a6e747006300e01b0ae6184b4733c8878_full.jpg,https://steamcommunity.com/profiles/76561198302654535/,,,,False,False
,80.0,,{'estimate': 6413},164.0,135575109,Real,,False,0,76561198095840837,https://avatars.steamstatic.com/247491f80ab71761ec0ae9694729a44dcd2fa3ad.jpg,https://avatars.steamstatic.com/247491f80ab71761ec0ae9694729a44dcd2fa3ad_medium.jpg,https://avatars.steamstatic.com/247491f80ab71761ec0ae9694729a44dcd2fa3ad_full.jpg,https://steamcommunity.com/profiles/76561198095840837/,,,,False,False
,,,{},,345399881,mirniy.aleks,,False,0,76561198305665609,https://avatars.steamstatic.com/fef49e7fa7e1997310d705b2a6158ff8dc1cdfeb.jpg,https://avatars.steamstatic.com/fef49e7fa7e1997310d705b2a6158ff8dc1cdfeb_medium.jpg,https://avatars.steamstatic.com/fef49e7fa7e1997310d705b2a6158ff8dc1cdfeb_full.jpg,https://steamcommunity.com/profiles/76561198305665609/,,,,False,False
,,,{'estimate': 3103},,164202570,seeuu,,False,0,76561198124468298,https://avatars.steamstatic.com/dccea0666dfe2946e32126a63a3d34ea7233e3c5.jpg,https://avatars.steamstatic.com/dccea0666dfe2946e32126a63a3d34ea7233e3c5_medium.jpg,https://avatars.steamstatic.com/dccea0666dfe2946e32126a63a3d34ea7233e3c5_full.jpg,https://steamcommunity.com/profiles/76561198124468298/,,MY,,False,False
,80.0,,{'estimate': 4974},1536.0,1022244430,Sicko,,False,0,76561198982510158,https://avatars.steamstatic.com/99aa41468b977beb5b7fd67ede47afc1933f38db.jpg,https://avatars.steamstatic.com/99aa41468b977beb5b7fd67ede47afc1933f38db_medium.jpg,https://avatars.steamstatic.com/99aa41468b977beb5b7fd67ede47afc1933f38db_full.jpg,https://steamcommunity.com/profiles/76561198982510158/,,PH,,False,False
5754.0,80.0,,{'estimate': 5048},1731.0,56439887,Ohota krepkoe,,False,0,76561198016705615,https://avatars.steamstatic.com/01687fcfef10ff5ea54ff5fb16f52db7a4ec6aaf.jpg,https://avatars.steamstatic.com/01687fcfef10ff5ea54ff5fb16f52db7a4ec6aaf_medium.jpg,https://avatars.steamstatic.com/01687fcfef10ff5ea54ff5fb16f52db7a4ec6aaf_full.jpg,https://steamcommunity.com/id/Genisis95/,,RU,,False,False
4734.0,80.0,3825.0,{'estimate': 4536},2994.0,113446485,nbwyk,,False,0,76561198073712213,https://avatars.steamstatic.com/fef49e7fa7e1997310d705b2a6158ff8dc1cdfeb.jpg,https://avatars.steamstatic.com/fef49e7fa7e1997310d705b2a6158ff8dc1cdfeb_medium.jpg,https://avatars.steamstatic.com/fef49e7fa7e1997310d705b2a6158ff8dc1cdfeb_full.jpg,https://steamcommunity.com/profiles/76561198073712213/,,,,False,False
4185.0,80.0,3829.0,{'estimate': 4347},1295.0,268590680,....,,False,0,76561198228856408,https://avatars.steamstatic.com/fcba662217dbe27de744fa30ddc4fe62ed83b28a.jpg,https://avatars.steamstatic.com/fcba662217dbe27de744fa30ddc4fe62ed83b28a_medium.jpg,https://avatars.steamstatic.com/fcba662217dbe27de744fa30ddc4fe62ed83b28a_full.jpg,https://steamcommunity.com/profiles/76561198228856408/,2019-10-12T04:46:46.150Z,,,False,False
4759.0,80.0,,{'estimate': 4860},1651.0,333065824,暗黑蝶的野爹,,False,0,76561198293331552,https://avatars.steamstatic.com/8990124f1850dc9a094a5e08a6026db9dd6516ea.jpg,https://avatars.steamstatic.com/8990124f1850dc9a094a5e08a6026db9dd6516ea_medium.jpg,https://avatars.steamstatic.com/8990124f1850dc9a094a5e08a6026db9dd6516ea_full.jpg,https://steamcommunity.com/profiles/76561198293331552/,,,,False,False
,80.0,,{'estimate': 4661},3244.0,875394145,我 擦 你们 吗,,False,0,76561198835659873,https://avatars.steamstatic.com/fef49e7fa7e1997310d705b2a6158ff8dc1cdfeb.jpg,https://avatars.steamstatic.com/fef49e7fa7e1997310d705b2a6158ff8dc1cdfeb_medium.jpg,https://avatars.steamstatic.com/fef49e7fa7e1997310d705b2a6158ff8dc1cdfeb_full.jpg,https://steamcommunity.com/profiles/76561198835659873/,,,,False,False
,,,{'estimate': 4821},,1065366112,Armlet,,False,0,76561199025631840,https://avatars.steamstatic.com/fef49e7fa7e1997310d705b2a6158ff8dc1cdfeb.jpg,https://avatars.steamstatic.com/fef49e7fa7e1997310d705b2a6158ff8dc1cdfeb_medium.jpg,https://avatars.steamstatic.com/fef49e7fa7e1997310d705b2a6158ff8dc1cdfeb_full.jpg,https://steamcommunity.com/profiles/76561199025631840/,,,,False,False
,80.0,,{'estimate': 4605},2202.0,483004518,一滴都不剩了,,False,0,76561198443270246,https://avatars.steamstatic.com/291093aa81fda92480caaf4e3260b202236eb6a6.jpg,https://avatars.steamstatic.com/291093aa81fda92480caaf4e3260b202236eb6a6_medium.jpg,https://avatars.steamstatic.com/291093aa81fda92480caaf4e3260b202236eb6a6_full.jpg,https://steamcommunity.com/profiles/76561198443270246/,,CN,,False,False
,,,{'estimate': 2009},,476657254,0Ppa!!!,,False,0,76561198436922982,https://avatars.steamstatic.com/fef49e7fa7e1997310d705b2a6158ff8dc1cdfeb.jpg,https://avatars.steamstatic.com/fef49e7fa7e1997310d705b2a6158ff8dc1cdfeb_medium.jpg,https://avatars.steamstatic.com/fef49e7fa7e1997310d705b2a6158ff8dc1cdfeb_full.jpg,https://steamcommunity.com/profiles/76561198436922982/,,,,False,False
5249.0,80.0,,{'estimate': 5189},2862.0,83003505,Lama bandana,,True,0,76561198043269233,https://avatars.steamstatic.com/c79b5d6a7a7084d8a26212c9fe865814aa963b1c.jpg,https://avatars.steamstatic.com/c79b5d6a7a7084d8a26212c9fe865814aa963b1c_medium.jpg,https://avatars.steamstatic.com/c79b5d6a7a7084d8a26212c9fe865814aa963b1c_full.jpg,https://steamcommunity.com/profiles/76561198043269233/,,AM,,False,False
,80.0,,{'estimate': 6209},543.0,847108724,Ain,,False,0,76561198807374452,https://avatars.steamstatic.com/80d0cb79abf3c453274fdf8d81c9cfdef6880734.jpg,https://avatars.steamstatic.com/80d0cb79abf3c453274fdf8d81c9cfdef6880734_medium.jpg,https://avatars.steamstatic.com/80d0cb79abf3c453274fdf8d81c9cfdef6880734_full.jpg,https://steamcommunity.com/id/qweternity/,2019-05-14T21:24:35.938Z,BY,,False,False
4519.0,80.0,,{'estimate': 4531},4839.0,182519925,Kaiba seto,,False,0,76561198142785653,https://avatars.steamstatic.com/1b83e35337724775070418e3aaa1adc3a3b0c84f.jpg,https://avatars.steamstatic.com/1b83e35337724775070418e3aaa1adc3a3b0c84f_medium.jpg,https://avatars.steamstatic.com/1b83e35337724775070418e3aaa1adc3a3b0c84f_full.jpg,https://steamcommunity.com/profiles/76561198142785653/,2018-08-22T09:59:57.878Z,,,False,False
,,,{'estimate': 2591},,96257652,Bugz.Кедр,,False,0,76561198056523380,https://avatars.steamstatic.com/a4a31f9cfbb79e55ccd7d8d8e36f0058131035eb.jpg,https://avatars.steamstatic.com/a4a31f9cfbb79e55ccd7d8d8e36f0058131035eb_medium.jpg,https://avatars.steamstatic.com/a4a31f9cfbb79e55ccd7d8d8e36f0058131035eb_full.jpg,https://steamcommunity.com/profiles/76561198056523380/,,RU,,False,False
,80.0,,{'estimate': 4720},2514.0,982368894,这就是强者的世界吗,,False,0,76561198942634622,https://avatars.steamstatic.com/fef49e7fa7e1997310d705b2a6158ff8dc1cdfeb.jpg,https://avatars.steamstatic.com/fef49e7fa7e1997310d705b2a6158ff8dc1cdfeb_medium.jpg,https://avatars.steamstatic.com/fef49e7fa7e1997310d705b2a6158ff8dc1cdfeb_full.jpg,https://steamcommunity.com/profiles/76561198942634622/,,,,False,False
,80.0,,{'estimate': 3687},2665.0,115919999,Joker,,False,0,76561198076185727,https://avatars.steamstatic.com/eeb65eccb7f0e4ab6601c11e36b9dbe71f0d2c03.jpg,https://avatars.steamstatic.com/eeb65eccb7f0e4ab6601c11e36b9dbe71f0d2c03_medium.jpg,https://avatars.steamstatic.com/eeb65eccb7f0e4ab6601c11e36b9dbe71f0d2c03_full.jpg,https://steamcommunity.com/profiles/76561198076185727/,,,,False,False
,80.0,,{'estimate': 4589},4907.0,246787221,Stay Peachy,,False,0,76561198207052949,https://avatars.steamstatic.com/d267d096dc636fd4c419ea6831fdf257acd70c04.jpg,https://avatars.steamstatic.com/d267d096dc636fd4c419ea6831fdf257acd70c04_medium.jpg,https://avatars.steamstatic.com/d267d096dc636fd4c419ea6831fdf257acd70c04_full.jpg,https://steamcommunity.com/profiles/76561198207052949/,2020-01-28T10:03:49.003Z,US,,False,False
3732.0,80.0,4961.0,{'estimate': 3648},4900.0,177999514,Засыпаю под доту,,False,0,76561198138265242,https://avatars.steamstatic.com/8e7cdabf333e303eb929d06b9613c8357ce2504a.jpg,https://avatars.steamstatic.com/8e7cdabf333e303eb929d06b9613c8357ce2504a_medium.jpg,https://avatars.steamstatic.com/8e7cdabf333e303eb929d06b9613c8357ce2504a_full.jpg,https://steamcommunity.com/profiles/76561198138265242/,2020-02-21T19:21:20.926Z,VA,,False,False
,,,{},,177968799,-sempoi-,,False,0,76561198138234527,https://avatars.steamstatic.com/8741f97e0e243cd2153b1540335ecbd578fea0d0.jpg,https://avatars.steamstatic.com/8741f97e0e243cd2153b1540335ecbd578fea0d0_medium.jpg,https://avatars.steamstatic.com/8741f97e0e243cd2153b1540335ecbd578fea0d0_full.jpg,https://steamcommunity.com/profiles/76561198138234527/,,,,False,False
,,,{'estimate': 3647},,118374048,Dat Boi,,False,0,76561198078639776,https://avatars.steamstatic.com/f33d5b35383ac20783aa23b2f4072a495e74ab9e.jpg,https://avatars.steamstatic.com/f33d5b35383ac20783aa23b2f4072a495e74ab9e_medium.jpg,https://avatars.steamstatic.com/f33d5b35383ac20783aa23b2f4072a495e74ab9e_full.jpg,https://steamcommunity.com/profiles/76561198078639776/,,,,False,False
,80.0,,{'estimate': 4768},337.0,447835809,mockingjay,,False,0,76561198408101537,https://avatars.steamstatic.com/a7712310f84d9e86b71441ebb010d70b83e36a83.jpg,https://avatars.steamstatic.com/a7712310f84d9e86b71441ebb010d70b83e36a83_medium.jpg,https://avatars.steamstatic.com/a7712310f84d9e86b71441ebb010d70b83e36a83_full.jpg,https://steamcommunity.com/profiles/76561198408101537/,,,,False,False
5027.0,80.0,4627.0,{'estimate': 5680},296.0,129530532,76561198089796260,,False,0,76561198089796260,https://avatars.steamstatic.com/fef49e7fa7e1997310d705b2a6158ff8dc1cdfeb.jpg,https://avatars.steamstatic.com/fef49e7fa7e1997310d705b2a6158ff8dc1cdfeb_medium.jpg,https://avatars.steamstatic.com/fef49e7fa7e1997310d705b2a6158ff8dc1cdfeb_full.jpg,https://steamcommunity.com/profiles/76561198089796260/,,CA,,False,False
2202.0,,,{'estimate': 2255},,116178085,RHAEGAR TARGARYEN,,False,0,76561198076443813,https://avatars.steamstatic.com/35d70d49a81f230ffd6180fe1a457cb7f1d21eec.jpg,https://avatars.steamstatic.com/35d70d49a81f230ffd6180fe1a457cb7f1d21eec_medium.jpg,https://avatars.steamstatic.com/35d70d49a81f230ffd6180fe1a457cb7f1d21eec_full.jpg,https://steamcommunity.com/profiles/76561198076443813/,,,,False,False
,80.0,,{'estimate': 5248},684.0,990725799,A接W接外圈就那个一刮,,False,0,76561198950991527,https://avatars.steamstatic.com/76c6219a8f08781bd2d017ce9125002c397f8a0d.jpg,https://avatars.steamstatic.com/76c6219a8f08781bd2d017ce9125002c397f8a0d_medium.jpg,https://avatars.steamstatic.com/76c6219a8f08781bd2d017ce9125002c397f8a0d_full.jpg,https://steamcommunity.com/profiles/76561198950991527/,,,,False,False
6134.0,80.0,4222.0,{'estimate': 4820},636.0,177924776,:),,False,0,76561198138190504,https://avatars.steamstatic.com/b16b07104cc7c91a68f2b9f8180f81f40f32b22f.jpg,https://avatars.steamstatic.com/b16b07104cc7c91a68f2b9f8180f81f40f32b22f_medium.jpg,https://avatars.steamstatic.com/b16b07104cc7c91a68f2b9f8180f81f40f32b22f_full.jpg,https://steamcommunity.com/profiles/76561198138190504/,,,,False,False
,32.0,,{'estimate': 2329},,176114855,La Torpille,,False,0,76561198136380583,https://avatars.steamstatic.com/fef49e7fa7e1997310d705b2a6158ff8dc1cdfeb.jpg,https://avatars.steamstatic.com/fef49e7fa7e1997310d705b2a6158ff8dc1cdfeb_medium.jpg,https://avatars.steamstatic.com/fef49e7fa7e1997310d705b2a6158ff8dc1cdfeb_full.jpg,https://steamcommunity.com/profiles/76561198136380583/,2018-08-01T20:01:50.110Z,,,False,False
7048.0,80.0,5609.0,{'estimate': 5784},4676.0,299173568,pk demon vs ur 0.4/6 AA smg,,True,0,76561198259439296,https://avatars.steamstatic.com/b2f22910e4cb6c31595b21298287bdbb2667dd4b.jpg,https://avatars.steamstatic.com/b2f22910e4cb6c31595b21298287bdbb2667dd4b_medium.jpg,https://avatars.steamstatic.com/b2f22910e4cb6c31595b21298287bdbb2667dd4b_full.jpg,https://steamcommunity.com/id/notfannfann/,2021-10-17T16:21:05.703Z,SG,,False,False
,,,{'estimate': 2864},,361443520,Atomic-G,,False,0,76561198321709248,https://avatars.steamstatic.com/fef49e7fa7e1997310d705b2a6158ff8dc1cdfeb.jpg,https://avatars.steamstatic.com/fef49e7fa7e1997310d705b2a6158ff8dc1cdfeb_medium.jpg,https://avatars.steamstatic.com/fef49e7fa7e1997310d705b2a6158ff8dc1cdfeb_full.jpg,https://steamcommunity.com/profiles/76561198321709248/,,,,False,False
5773.0,80.0,4803.0,{'estimate': 5226},268.0,96928450,你开心就好,,False,0,76561198057194178,https://avatars.steamstatic.com/3495a2d38f4b7a69cbed80a5c44c39942c3b84b2.jpg,https://avatars.steamstatic.com/3495a2d38f4b7a69cbed80a5c44c39942c3b84b2_medium.jpg,https://avatars.steamstatic.com/3495a2d38f4b7a69cbed80a5c44c39942c3b84b2_full.jpg,https://steamcommunity.com/id/hzp3927/,,,,False,False
,80.0,,{'estimate': 4656},2244.0,65131717,juiceboxmidgt,,False,0,76561198025397445,https://avatars.steamstatic.com/2257c4352fb210080a4d3237bd64b73351219569.jpg,https://avatars.steamstatic.com/2257c4352fb210080a4d3237bd64b73351219569_medium.jpg,https://avatars.steamstatic.com/2257c4352fb210080a4d3237bd64b73351219569_full.jpg,https://steamcommunity.com/id/juiceboxmidget/,2021-03-07T13:28:49.828Z,US,,False,False
,,,{'estimate': 3413},,430613196,VIO,,False,0,76561198390878924,https://avatars.steamstatic.com/fef49e7fa7e1997310d705b2a6158ff8dc1cdfeb.jpg,https://avatars.steamstatic.com/fef49e7fa7e1997310d705b2a6158ff8dc1cdfeb_medium.jpg,https://avatars.steamstatic.com/fef49e7fa7e1997310d705b2a6158ff8dc1cdfeb_full.jpg,https://steamcommunity.com/profiles/76561198390878924/,,,,False,False
,80.0,,{'estimate': 4129},2007.0,993497808,DerA-,,False,0,76561198953763536,https://avatars.steamstatic.com/ec1e7fc6e14a6cbb0f3e9e1c21d50b43711f383b.jpg,https://avatars.steamstatic.com/ec1e7fc6e14a6cbb0f3e9e1c21d50b43711f383b_medium.jpg,https://avatars.steamstatic.com/ec1e7fc6e14a6cbb0f3e9e1c21d50b43711f383b_full.jpg,https://steamcommunity.com/id/AdibVaxImmo3/,,,,False,False
,80.0,,{'estimate': 4654},3614.0,319813840,稻光 亦是永恒。,,False,0,76561198280079568,https://avatars.steamstatic.com/fef49e7fa7e1997310d705b2a6158ff8dc1cdfeb.jpg,https://avatars.steamstatic.com/fef49e7fa7e1997310d705b2a6158ff8dc1cdfeb_medium.jpg,https://avatars.steamstatic.com/fef49e7fa7e1997310d705b2a6158ff8dc1cdfeb_full.jpg,https://steamcommunity.com/profiles/76561198280079568/,,,,False,False
2507.0,34.0,2124.0,{'estimate': 2720},,276578004,...,,False,0,76561198236843732,https://avatars.steamstatic.com/fef49e7fa7e1997310d705b2a6158ff8dc1cdfeb.jpg,https://avatars.steamstatic.com/fef49e7fa7e1997310d705b2a6158ff8dc1cdfeb_medium.jpg,https://avatars.steamstatic.com/fef49e7fa7e1997310d705b2a6158ff8dc1cdfeb_full.jpg,https://steamcommunity.com/profiles/76561198236843732/,,,,False,False
,80.0,,{'estimate': 4253},3125.0,470078166,Sweet,,False,0,76561198430343894,https://avatars.steamstatic.com/d655b0e090a64ce789cc0feda3f79641d417cfd2.jpg,https://avatars.steamstatic.com/d655b0e090a64ce789cc0feda3f79641d417cfd2_medium.jpg,https://avatars.steamstatic.com/d655b0e090a64ce789cc0feda3f79641d417cfd2_full.jpg,https://steamcommunity.com/id/yangxiaoxue/,,CN,,False,False
,80.0,,{'estimate': 5055},2035.0,274938592,xy,,False,0,76561198235204320,https://avatars.steamstatic.com/c8d0533aaaaefb51f1115cc62bf0c1aba3405bfa.jpg,https://avatars.steamstatic.com/c8d0533aaaaefb51f1115cc62bf0c1aba3405bfa_medium.jpg,https://avatars.steamstatic.com/c8d0533aaaaefb51f1115cc62bf0c1aba3405bfa_full.jpg,https://steamcommunity.com/profiles/76561198235204320/,2019-02-03T11:24:03.328Z,,,False,False
5974.0,80.0,5212.0,{'estimate': 5016},4170.0,215463143,谁在那！,,True,0,76561198175728871,https://avatars.steamstatic.com/127039f784da5f2d1c6c130c6729f946404809c1.jpg,https://avatars.steamstatic.com/127039f784da5f2d1c6c130c6729f946404809c1_medium.jpg,https://avatars.steamstatic.com/127039f784da5f2d1c6c130c6729f946404809c1_full.jpg,https://steamcommunity.com/profiles/76561198175728871/,,,,False,False
,33.0,,{'estimate': 2164},,129411305,AE]chln[][n-S,,False,0,76561198089677033,https://avatars.steamstatic.com/5db7892d1aa4e979d3c46c6028a6dc832d66c4b5.jpg,https://avatars.steamstatic.com/5db7892d1aa4e979d3c46c6028a6dc832d66c4b5_medium.jpg,https://avatars.steamstatic.com/5db7892d1aa4e979d3c46c6028a6dc832d66c4b5_full.jpg,https://steamcommunity.com/profiles/76561198089677033/,,PE,,False,False
,80.0,,{'estimate': 4656},3593.0,254241015,SlowMotion,,False,0,76561198214506743,https://avatars.steamstatic.com/ad8849139b95b8dbad3013c231c11934a293cc5c.jpg,https://avatars.steamstatic.com/ad8849139b95b8dbad3013c231c11934a293cc5c_medium.jpg,https://avatars.steamstatic.com/ad8849139b95b8dbad3013c231c11934a293cc5c_full.jpg,https://steamcommunity.com/profiles/76561198214506743/,,,,False,False
6469.0,80.0,,{'estimate': 5624},1227.0,29110522,skra,,True,0,76561197989376250,https://avatars.steamstatic.com/5532d0fb8c54c2405fd4e65217eccdfc9e608269.jpg,https://avatars.steamstatic.com/5532d0fb8c54c2405fd4e65217eccdfc9e608269_medium.jpg,https://avatars.steamstatic.com/5532d0fb8c54c2405fd4e65217eccdfc9e608269_full.jpg,https://steamcommunity.com/id/slickzdoto/,2019-11-27T08:29:39.800Z,AU,,False,False
,80.0,,{'estimate': 4827},3050.0,864598267,Mee,,False,0,76561198824863995,https://avatars.steamstatic.com/f838e6c4c55602826fe87363647ba3f037464564.jpg,https://avatars.steamstatic.com/f838e6c4c55602826fe87363647ba3f037464564_medium.jpg,https://avatars.steamstatic.com/f838e6c4c55602826fe87363647ba3f037464564_full.jpg,https://steamcommunity.com/profiles/76561198824863995/,,CN,,False,False
,64.0,,{'estimate': 3710},,207922941,vaiium,,False,0,76561198168188669,https://avatars.steamstatic.com/a806644e129b9100f1da003b77a366ddf7b3fa66.jpg,https://avatars.steamstatic.com/a806644e129b9100f1da003b77a366ddf7b3fa66_medium.jpg,https://avatars.steamstatic.com/a806644e129b9100f1da003b77a366ddf7b3fa66_full.jpg,https://steamcommunity.com/profiles/76561198168188669/,,,,False,False
,80.0,,{'estimate': 3374},2344.0,242985726,K.Y,,True,0,76561198203251454,https://avatars.steamstatic.com/5b6a0f34da05016915c73e4d4aa688aa690eacd8.jpg,https://avatars.steamstatic.com/5b6a0f34da05016915c73e4d4aa688aa690eacd8_medium.jpg,https://avatars.steamstatic.com/5b6a0f34da05016915c73e4d4aa688aa690eacd8_full.jpg,https://steamcommunity.com/profiles/76561198203251454/,,,,False,False
,80.0,5381.0,{'estimate': 5426},1271.0,144625410,否极泰来,,False,0,76561198104891138,https://avatars.steamstatic.com/1509f6e09ca20f23a9709221ed1ed850f8524118.jpg,https://avatars.steamstatic.com/1509f6e09ca20f23a9709221ed1ed850f8524118_medium.jpg,https://avatars.steamstatic.com/1509f6e09ca20f23a9709221ed1ed850f8524118_full.jpg,https://steamcommunity.com/profiles/76561198104891138/,,,,False,False
,,,{'estimate': 4398},,1121661700,"Солнце моё, взгляни на меня",,,0,76561199081927428,https://avatars.steamstatic.com/a30df7e7b9e9ca3ff2c7ded13201d50f37e5d5e7.jpg,https://avatars.steamstatic.com/a30df7e7b9e9ca3ff2c7ded13201d50f37e5d5e7_medium.jpg,https://avatars.steamstatic.com/a30df7e7b9e9ca3ff2c7ded13201d50f37e5d5e7_full.jpg,https://steamcommunity.com/profiles/76561199081927428/,,,,False,False
,,,{},,1155265798,Khwar Nyo 3 lan thar,,,0,76561199115531526,https://avatars.steamstatic.com/fef49e7fa7e1997310d705b2a6158ff8dc1cdfeb.jpg,https://avatars.steamstatic.com/fef49e7fa7e1997310d705b2a6158ff8dc1cdfeb_medium.jpg,https://avatars.steamstatic.com/fef49e7fa7e1997310d705b2a6158ff8dc1cdfeb_full.jpg,https://steamcommunity.com/profiles/76561199115531526/,,,,False,False
,80.0,,{'estimate': 4652},3071.0,946000136,Star Platinum,,False,0,76561198906265864,https://avatars.steamstatic.com/ea32da5e9b6d75bb1361719b0e07a7e4d41d60a0.jpg,https://avatars.steamstatic.com/ea32da5e9b6d75bb1361719b0e07a7e4d41d60a0_medium.jpg,https://avatars.steamstatic.com/ea32da5e9b6d75bb1361719b0e07a7e4d41d60a0_full.jpg,https://steamcommunity.com/profiles/76561198906265864/,,,,False,False
1669.0,80.0,1972.0,{'estimate': 3586},4375.0,180076810,Megumi恵,,False,0,76561198140342538,https://avatars.steamstatic.com/f2f7e172ecf4ab0958d2e3e27f6dd02e864c3151.jpg,https://avatars.steamstatic.com/f2f7e172ecf4ab0958d2e3e27f6dd02e864c3151_medium.jpg,https://avatars.steamstatic.com/f2f7e172ecf4ab0958d2e3e27f6dd02e864c3151_full.jpg,https://steamcommunity.com/id/RezkyM-/,2019-06-27T21:57:52.794Z,ID,,False,False
6213.0,80.0,1470.0,{'estimate': 4543},,199138576,Destiny,,False,0,76561198159404304,https://avatars.steamstatic.com/9d9ccd9941398928af5a45b4b7ff5d8d1cea819d.jpg,https://avatars.steamstatic.com/9d9ccd9941398928af5a45b4b7ff5d8d1cea819d_medium.jpg,https://avatars.steamstatic.com/9d9ccd9941398928af5a45b4b7ff5d8d1cea819d_full.jpg,https://steamcommunity.com/profiles/76561198159404304/,2020-06-20T21:46:23.392Z,GB,,False,False
4268.0,80.0,4490.0,{'estimate': 4469},4503.0,348367120,James(MID),,False,0,76561198308632848,https://avatars.steamstatic.com/e965b1ac14af1bb2dec067989031a34509f09fab.jpg,https://avatars.steamstatic.com/e965b1ac14af1bb2dec067989031a34509f09fab_medium.jpg,https://avatars.steamstatic.com/e965b1ac14af1bb2dec067989031a34509f09fab_full.jpg,https://steamcommunity.com/profiles/76561198308632848/,,US,,False,False
,80.0,,{'estimate': 4915},1875.0,1001807634,solo,,True,0,76561198962073362,https://avatars.steamstatic.com/fef49e7fa7e1997310d705b2a6158ff8dc1cdfeb.jpg,https://avatars.steamstatic.com/fef49e7fa7e1997310d705b2a6158ff8dc1cdfeb_medium.jpg,https://avatars.steamstatic.com/fef49e7fa7e1997310d705b2a6158ff8dc1cdfeb_full.jpg,https://steamcommunity.com/profiles/76561198962073362/,,,,False,False
4008.0,80.0,3071.0,{'estimate': 3725},4843.0,373523739,soly,,False,0,76561198333789467,https://avatars.steamstatic.com/dabac03f6fad19da4acfa43a604e0f60f3be2e38.jpg,https://avatars.steamstatic.com/dabac03f6fad19da4acfa43a604e0f60f3be2e38_medium.jpg,https://avatars.steamstatic.com/dabac03f6fad19da4acfa43a604e0f60f3be2e38_full.jpg,https://steamcommunity.com/profiles/76561198333789467/,,,,False,False
,80.0,,{'estimate': 5196},2040.0,890770204,!!!,,False,0,76561198851035932,https://avatars.steamstatic.com/40bfc0b917b35460a7351252b9e4da6854e19dd4.jpg,https://avatars.steamstatic.com/40bfc0b917b35460a7351252b9e4da6854e19dd4_medium.jpg,https://avatars.steamstatic.com/40bfc0b917b35460a7351252b9e4da6854e19dd4_full.jpg,https://steamcommunity.com/profiles/76561198851035932/,,,,False,False
2169.0,80.0,3860.0,{'estimate': 3833},2272.0,242246429,狗不理,,True,0,76561198202512157,https://avatars.steamstatic.com/a541f25f98aa87473d85f31906ac15ca0fb16098.jpg,https://avatars.steamstatic.com/a541f25f98aa87473d85f31906ac15ca0fb16098_medium.jpg,https://avatars.steamstatic.com/a541f25f98aa87473d85f31906ac15ca0fb16098_full.jpg,https://steamcommunity.com/profiles/76561198202512157/,2019-07-14T07:47:02.693Z,CN,,False,False
,73.0,,{'estimate': 4247},,141963550,))),,False,0,76561198102229278,https://avatars.steamstatic.com/f85a2180178e980313fd5f00f1b314b7e7128f5d.jpg,https://avatars.steamstatic.com/f85a2180178e980313fd5f00f1b314b7e7128f5d_medium.jpg,https://avatars.steamstatic.com/f85a2180178e980313fd5f00f1b314b7e7128f5d_full.jpg,https://steamcommunity.com/profiles/76561198102229278/,,GB,,False,False
,,,{'estimate': 2897},,131869985,滋一下,,True,0,76561198092135713,https://avatars.steamstatic.com/fe0805899d2868f8454271f2556e070b9402df55.jpg,https://avatars.steamstatic.com/fe0805899d2868f8454271f2556e070b9402df55_medium.jpg,https://avatars.steamstatic.com/fe0805899d2868f8454271f2556e070b9402df55_full.jpg,https://steamcommunity.com/profiles/76561198092135713/,,CN,,False,False
6011.0,80.0,6080.0,{'estimate': 4523},1233.0,132534565,tw.tv/old_sparky,,True,0,76561198092800293,https://avatars.steamstatic.com/e18bb07b0defbe40d0435b9e80fffbf25467b9b2.jpg,https://avatars.steamstatic.com/e18bb07b0defbe40d0435b9e80fffbf25467b9b2_medium.jpg,https://avatars.steamstatic.com/e18bb07b0defbe40d0435b9e80fffbf25467b9b2_full.jpg,https://steamcommunity.com/id/32164231512351235/,2022-01-07T13:11:55.884Z,BY,,False,False
,80.0,,{'estimate': 4906},1955.0,976319271,w2,,False,0,76561198936584999,https://avatars.steamstatic.com/fef49e7fa7e1997310d705b2a6158ff8dc1cdfeb.jpg,https://avatars.steamstatic.com/fef49e7fa7e1997310d705b2a6158ff8dc1cdfeb_medium.jpg,https://avatars.steamstatic.com/fef49e7fa7e1997310d705b2a6158ff8dc1cdfeb_full.jpg,https://steamcommunity.com/profiles/76561198936584999/,,,,False,False
,80.0,,{'estimate': 4687},1857.0,903056691,FOR FUN,,False,0,76561198863322419,https://avatars.steamstatic.com/fef49e7fa7e1997310d705b2a6158ff8dc1cdfeb.jpg,https://avatars.steamstatic.com/fef49e7fa7e1997310d705b2a6158ff8dc1cdfeb_medium.jpg,https://avatars.steamstatic.com/fef49e7fa7e1997310d705b2a6158ff8dc1cdfeb_full.jpg,https://steamcommunity.com/profiles/76561198863322419/,,,,False,False
,80.0,,{'estimate': 4518},1480.0,173596982,虎,,True,0,76561198133862710,https://avatars.steamstatic.com/3d2cfcf8ce12448eabd1477b287e6c436ff5e63a.jpg,https://avatars.steamstatic.com/3d2cfcf8ce12448eabd1477b287e6c436ff5e63a_medium.jpg,https://avatars.steamstatic.com/3d2cfcf8ce12448eabd1477b287e6c436ff5e63a_full.jpg,https://steamcommunity.com/profiles/76561198133862710/,,,,False,False
3042.0,51.0,3016.0,{'estimate': 2925},,79319863,GREAM,,True,0,76561198039585591,https://avatars.steamstatic.com/d7ca0ab373fca8cafafc3f4601d6e0cc935fc395.jpg,https://avatars.steamstatic.com/d7ca0ab373fca8cafafc3f4601d6e0cc935fc395_medium.jpg,https://avatars.steamstatic.com/d7ca0ab373fca8cafafc3f4601d6e0cc935fc395_full.jpg,https://steamcommunity.com/id/GreamDesu/,,KP,,False,False
2901.0,44.0,,{'estimate': 2928},,282293052,wooo,,False,0,76561198242558780,https://avatars.steamstatic.com/767872b343c64f4fa74776324688e25430c26d76.jpg,https://avatars.steamstatic.com/767872b343c64f4fa74776324688e25430c26d76_medium.jpg,https://avatars.steamstatic.com/767872b343c64f4fa74776324688e25430c26d76_full.jpg,https://steamcommunity.com/profiles/76561198242558780/,,CN,,False,False
2880.0,,,{'estimate': 2971},,165111101,YYFSSMDDX,,False,0,76561198125376829,https://avatars.steamstatic.com/f2527906973a9668158905906b2ba41fa6363fb5.jpg,https://avatars.steamstatic.com/f2527906973a9668158905906b2ba41fa6363fb5_medium.jpg,https://avatars.steamstatic.com/f2527906973a9668158905906b2ba41fa6363fb5_full.jpg,https://steamcommunity.com/profiles/76561198125376829/,,CN,,False,False
,,,{},,115170627,PedoRo,,False,0,76561198075436355,https://avatars.steamstatic.com/483a33974b03a6f4b5a2877975aca2db29e3833f.jpg,https://avatars.steamstatic.com/483a33974b03a6f4b5a2877975aca2db29e3833f_medium.jpg,https://avatars.steamstatic.com/483a33974b03a6f4b5a2877975aca2db29e3833f_full.jpg,https://steamcommunity.com/profiles/76561198075436355/,,,,False,False
4866.0,80.0,,{'estimate': 4144},4460.0,179763529,Han,,True,0,76561198140029257,https://avatars.steamstatic.com/6ff9686958069e608dbb305b62b43b02178b3d67.jpg,https://avatars.steamstatic.com/6ff9686958069e608dbb305b62b43b02178b3d67_medium.jpg,https://avatars.steamstatic.com/6ff9686958069e608dbb305b62b43b02178b3d67_full.jpg,https://steamcommunity.com/id/Guaicheng/,,GB,,False,False
,,,{'estimate': 3113},,204343628,砂狼.小仓唯.白子,,False,0,76561198164609356,https://avatars.steamstatic.com/e9eed757feab91d2ad0fcd7e221653cc9767bcec.jpg,https://avatars.steamstatic.com/e9eed757feab91d2ad0fcd7e221653cc9767bcec_medium.jpg,https://avatars.steamstatic.com/e9eed757feab91d2ad0fcd7e221653cc9767bcec_full.jpg,https://steamcommunity.com/profiles/76561198164609356/,,,,False,False
4603.0,80.0,,{'estimate': 4810},2632.0,162983249,Mr.D,,False,0,76561198123248977,https://avatars.steamstatic.com/3a3f3e95df0608d662bb7ec6423630b80e2bb4cd.jpg,https://avatars.steamstatic.com/3a3f3e95df0608d662bb7ec6423630b80e2bb4cd_medium.jpg,https://avatars.steamstatic.com/3a3f3e95df0608d662bb7ec6423630b80e2bb4cd_full.jpg,https://steamcommunity.com/id/aum8267/,2020-03-21T15:17:29.808Z,TH,,False,False
1352.0,80.0,,{'estimate': 2053},2088.0,224708958,e^iπ+1=0✮ESA,,True,0,76561198184974686,https://avatars.steamstatic.com/347949ac6e78726421415e0b791761cdf7eaba99.jpg,https://avatars.steamstatic.com/347949ac6e78726421415e0b791761cdf7eaba99_medium.jpg,https://avatars.steamstatic.com/347949ac6e78726421415e0b791761cdf7eaba99_full.jpg,https://steamcommunity.com/id/evasion_cheng/,,FR,,False,False
5417.0,80.0,3904.0,{'estimate': 5027},1659.0,297766761,СERTIFIED RASIST,Baldezzzh,False,0,76561198258032489,https://avatars.steamstatic.com/bf9737e104739de94db6034c9e0ff2fc42f89cf2.jpg,https://avatars.steamstatic.com/bf9737e104739de94db6034c9e0ff2fc42f89cf2_medium.jpg,https://avatars.steamstatic.com/bf9737e104739de94db6034c9e0ff2fc42f89cf2_full.jpg,https://steamcommunity.com/profiles/76561198258032489/,2020-02-19T11:19:20.068Z,UZ,,False,False
2768.0,54.0,2597.0,{'estimate': 3165},,66995562,Jeezy The GOD,,False,0,76561198027261290,https://avatars.steamstatic.com/6d3af5ce47303816fd2d9467b1fe1d8749868b04.jpg,https://avatars.steamstatic.com/6d3af5ce47303816fd2d9467b1fe1d8749868b04_medium.jpg,https://avatars.steamstatic.com/6d3af5ce47303816fd2d9467b1fe1d8749868b04_full.jpg,https://steamcommunity.com/id/76561198027261290/,,,,False,False
,,,{'estimate': 1286},,488600452,ZL,,False,0,76561198448866180,https://avatars.steamstatic.com/fef49e7fa7e1997310d705b2a6158ff8dc1cdfeb.jpg,https://avatars.steamstatic.com/fef49e7fa7e1997310d705b2a6158ff8dc1cdfeb_medium.jpg,https://avatars.steamstatic.com/fef49e7fa7e1997310d705b2a6158ff8dc1cdfeb_full.jpg,https://steamcommunity.com/profiles/76561198448866180/,,,,False,False
,80.0,,{'estimate': 4633},3137.0,362993030,W.W.W,,False,0,76561198323258758,https://avatars.steamstatic.com/7efa2329cac59e4e7cfbe6f77f700aff338ec360.jpg,https://avatars.steamstatic.com/7efa2329cac59e4e7cfbe6f77f700aff338ec360_medium.jpg,https://avatars.steamstatic.com/7efa2329cac59e4e7cfbe6f77f700aff338ec360_full.jpg,https://steamcommunity.com/profiles/76561198323258758/,,,,False,False
5367.0,80.0,5095.0,{'estimate': 5183},2326.0,86860683,ZhongCina,,False,0,76561198047126411,https://avatars.steamstatic.com/540613341e7a8d54e14a04cc1ec0892b2953ff28.jpg,https://avatars.steamstatic.com/540613341e7a8d54e14a04cc1ec0892b2953ff28_medium.jpg,https://avatars.steamstatic.com/540613341e7a8d54e14a04cc1ec0892b2953ff28_full.jpg,https://steamcommunity.com/id/abcd10303/,,PF,,False,False
,80.0,,{'estimate': 5108},1144.0,895964558,.,,False,0,76561198856230286,https://avatars.steamstatic.com/ed515db999288d1d27e3bc5a729daf6710120f2f.jpg,https://avatars.steamstatic.com/ed515db999288d1d27e3bc5a729daf6710120f2f_medium.jpg,https://avatars.steamstatic.com/ed515db999288d1d27e3bc5a729daf6710120f2f_full.jpg,https://steamcommunity.com/profiles/76561198856230286/,,NL,,False,False
,,,{},,1129408912,fadz the hermit,,,0,76561199089674640,https://avatars.steamstatic.com/73a335e6954999c2b0cff6b1f1cb4865d3d91bd0.jpg,https://avatars.steamstatic.com/73a335e6954999c2b0cff6b1f1cb4865d3d91bd0_medium.jpg,https://avatars.steamstatic.com/73a335e6954999c2b0cff6b1f1cb4865d3d91bd0_full.jpg,https://steamcommunity.com/id/fadzthehermit/,,,,False,False
,,,{'estimate': 1502},,1220372881,eKd,,,0,76561199180638609,https://avatars.steamstatic.com/fef49e7fa7e1997310d705b2a6158ff8dc1cdfeb.jpg,https://avatars.steamstatic.com/fef49e7fa7e1997310d705b2a6158ff8dc1cdfeb_medium.jpg,https://avatars.steamstatic.com/fef49e7fa7e1997310d705b2a6158ff8dc1cdfeb_full.jpg,https://steamcommunity.com/profiles/76561199180638609/,,,,False,False
5907.0,80.0,4380.0,{'estimate': 4984},2277.0,195150753,MoAmAo,,False,0,76561198155416481,https://avatars.steamstatic.com/ac01021d08786c25478d18831034764762e11cbb.jpg,https://avatars.steamstatic.com/ac01021d08786c25478d18831034764762e11cbb_medium.jpg,https://avatars.steamstatic.com/ac01021d08786c25478d18831034764762e11cbb_full.jpg,https://steamcommunity.com/id/1142999298/,,CN,,False,False
,51.0,,{'estimate': 2747},,399588263,A`,,False,0,76561198359853991,https://avatars.steamstatic.com/201fafe7520c0efa4f9a7e6df2767cb0ddffa54b.jpg,https://avatars.steamstatic.com/201fafe7520c0efa4f9a7e6df2767cb0ddffa54b_medium.jpg,https://avatars.steamstatic.com/201fafe7520c0efa4f9a7e6df2767cb0ddffa54b_full.jpg,https://steamcommunity.com/profiles/76561198359853991/,,,,False,False
889.0,35.0,,{'estimate': 1341},,292161960,пожилой дед,,False,0,76561198252427688,https://avatars.steamstatic.com/482684032a0a7f315b67c9aed98e249fc36c0992.jpg,https://avatars.steamstatic.com/482684032a0a7f315b67c9aed98e249fc36c0992_medium.jpg,https://avatars.steamstatic.com/482684032a0a7f315b67c9aed98e249fc36c0992_full.jpg,https://steamcommunity.com/id/hui_vzlomaete1337/,,RU,,False,False
,80.0,4871.0,{'estimate': 4694},1179.0,189260204,76561198149525932,,False,0,76561198149525932,https://avatars.steamstatic.com/b357dd08e65ea5f3f2192b7d12e8fdd4bcbf1bd1.jpg,https://avatars.steamstatic.com/b357dd08e65ea5f3f2192b7d12e8fdd4bcbf1bd1_medium.jpg,https://avatars.steamstatic.com/b357dd08e65ea5f3f2192b7d12e8fdd4bcbf1bd1_full.jpg,https://steamcommunity.com/profiles/76561198149525932/,,,,False,False
,42.0,1151.0,{'estimate': 2888},,216922541,Outsider-,,False,0,76561198177188269,https://avatars.steamstatic.com/d8d31bbaaec8cbfa51125113b2e4380014b8cdbb.jpg,https://avatars.steamstatic.com/d8d31bbaaec8cbfa51125113b2e4380014b8cdbb_medium.jpg,https://avatars.steamstatic.com/d8d31bbaaec8cbfa51125113b2e4380014b8cdbb_full.jpg,https://steamcommunity.com/profiles/76561198177188269/,,RU,,False,False
5022.0,80.0,4432.0,{'estimate': 4837},1374.0,286580656,xxr,,True,0,76561198246846384,https://avatars.steamstatic.com/9822bd54e09e05a4410d38f46df2041f49f639f8.jpg,https://avatars.steamstatic.com/9822bd54e09e05a4410d38f46df2041f49f639f8_medium.jpg,https://avatars.steamstatic.com/9822bd54e09e05a4410d38f46df2041f49f639f8_full.jpg,https://steamcommunity.com/id/zoyaji/,2020-01-16T09:57:18.925Z,CN,,False,False
,,,{},,111004083,Fri.LinkQuid,,False,0,76561198071269811,https://avatars.steamstatic.com/cd0e5470b7790309021f54b59d02a839cc87bfcb.jpg,https://avatars.steamstatic.com/cd0e5470b7790309021f54b59d02a839cc87bfcb_medium.jpg,https://avatars.steamstatic.com/cd0e5470b7790309021f54b59d02a839cc87bfcb_full.jpg,https://steamcommunity.com/id/LinkQuid/,,,,False,False
3869.0,80.0,,{'estimate': 3901},3691.0,226274743,吃小孩,,False,0,76561198186540471,https://avatars.steamstatic.com/015d0abf2affb00d718292cc3e49966a6b66a8fb.jpg,https://avatars.steamstatic.com/015d0abf2affb00d718292cc3e49966a6b66a8fb_medium.jpg,https://avatars.steamstatic.com/015d0abf2affb00d718292cc3e49966a6b66a8fb_full.jpg,https://steamcommunity.com/profiles/76561198186540471/,,,,False,False
,80.0,,{'estimate': 4660},1517.0,438173115,别叫(allmuted),,False,0,76561198398438843,https://avatars.steamstatic.com/fef49e7fa7e1997310d705b2a6158ff8dc1cdfeb.jpg,https://avatars.steamstatic.com/fef49e7fa7e1997310d705b2a6158ff8dc1cdfeb_medium.jpg,https://avatars.steamstatic.com/fef49e7fa7e1997310d705b2a6158ff8dc1cdfeb_full.jpg,https://steamcommunity.com/profiles/76561198398438843/,,,,False,False
,80.0,,{'estimate': 4825},1358.0,118692797,Creep,,False,0,76561198078958525,https://avatars.steamstatic.com/0fa14d5b2a150974ccbaa9af5c0cf0b48adaf6c3.jpg,https://avatars.steamstatic.com/0fa14d5b2a150974ccbaa9af5c0cf0b48adaf6c3_medium.jpg,https://avatars.steamstatic.com/0fa14d5b2a150974ccbaa9af5c0cf0b48adaf6c3_full.jpg,https://steamcommunity.com/profiles/76561198078958525/,,,,False,False
5578.0,80.0,4531.0,{'estimate': 4694},1791.0,196842947,TRADE COMMEND PMA,,False,0,76561198157108675,https://avatars.steamstatic.com/9e3dc6c880ac0380bfccc1a7ebc06c8cb2084ac7.jpg,https://avatars.steamstatic.com/9e3dc6c880ac0380bfccc1a7ebc06c8cb2084ac7_medium.jpg,https://avatars.steamstatic.com/9e3dc6c880ac0380bfccc1a7ebc06c8cb2084ac7_full.jpg,https://steamcommunity.com/profiles/76561198157108675/,,PE,,False,False
,80.0,,{'estimate': 5478},549.0,1032720323,Revengé-,,True,0,76561198992986051,https://avatars.steamstatic.com/4c21ebe20f0510ec6821da296e9424181367e1d3.jpg,https://avatars.steamstatic.com/4c21ebe20f0510ec6821da296e9424181367e1d3_medium.jpg,https://avatars.steamstatic.com/4c21ebe20f0510ec6821da296e9424181367e1d3_full.jpg,https://steamcommunity.com/profiles/76561198992986051/,2021-12-03T06:09:08.964Z,,,False,False
4693.0,80.0,4433.0,{'estimate': 4623},4854.0,340852689,Yi,,False,0,76561198301118417,https://avatars.steamstatic.com/d99380401d287d8eb901ea0fa1d255caabfc2b9a.jpg,https://avatars.steamstatic.com/d99380401d287d8eb901ea0fa1d255caabfc2b9a_medium.jpg,https://avatars.steamstatic.com/d99380401d287d8eb901ea0fa1d255caabfc2b9a_full.jpg,https://steamcommunity.com/profiles/76561198301118417/,,,,False,False
,,,{'estimate': 2431},,1072500691,-ZoÆ,,False,0,76561199032766419,https://avatars.steamstatic.com/14e9f6abc024cb98b6bc28c3a8711c848e740b51.jpg,https://avatars.steamstatic.com/14e9f6abc024cb98b6bc28c3a8711c848e740b51_medium.jpg,https://avatars.steamstatic.com/14e9f6abc024cb98b6bc28c3a8711c848e740b51_full.jpg,https://steamcommunity.com/profiles/76561199032766419/,,,,False,False
5162.0,80.0,4595.0,{'estimate': 4493},3878.0,200864218,纵月,,True,0,76561198161129946,https://avatars.steamstatic.com/98249c9c7a266160fd74e78c8ad4ebbc793c212f.jpg,https://avatars.steamstatic.com/98249c9c7a266160fd74e78c8ad4ebbc793c212f_medium.jpg,https://avatars.steamstatic.com/98249c9c7a266160fd74e78c8ad4ebbc793c212f_full.jpg,https://steamcommunity.com/profiles/76561198161129946/,,,,False,False
,,,{'estimate': 3667},,861280735,SMAUG,,False,0,76561198821546463,https://avatars.steamstatic.com/7c9f33e963cdfaca2f15a9ac36cd3cf025b2fd47.jpg,https://avatars.steamstatic.com/7c9f33e963cdfaca2f15a9ac36cd3cf025b2fd47_medium.jpg,https://avatars.steamstatic.com/7c9f33e963cdfaca2f15a9ac36cd3cf025b2fd47_full.jpg,https://steamcommunity.com/profiles/76561198821546463/,,,,False,False
,,,{'estimate': 3630},,1232177124,mentally ill + racist,,,0,76561199192442852,https://avatars.steamstatic.com/d76e20c9cdcae2c48b1e1d1db67c8d37bbb810a8.jpg,https://avatars.steamstatic.com/d76e20c9cdcae2c48b1e1d1db67c8d37bbb810a8_medium.jpg,https://avatars.steamstatic.com/d76e20c9cdcae2c48b1e1d1db67c8d37bbb810a8_full.jpg,https://steamcommunity.com/profiles/76561199192442852/,,,,False,False
,80.0,,{'estimate': 4233},2045.0,422982641,景,,False,0,76561198383248369,https://avatars.steamstatic.com/2f7541d21afc1f0be84d1d3e6a27bf389306e186.jpg,https://avatars.steamstatic.com/2f7541d21afc1f0be84d1d3e6a27bf389306e186_medium.jpg,https://avatars.steamstatic.com/2f7541d21afc1f0be84d1d3e6a27bf389306e186_full.jpg,https://steamcommunity.com/id/xqhhhhhh/,,CN,,False,False
1799.0,32.0,3237.0,{'estimate': 2392},,125136241,Заря,,False,0,76561198085401969,https://avatars.steamstatic.com/91ab2f1db766fa077c8d66146a6bcd134bab896b.jpg,https://avatars.steamstatic.com/91ab2f1db766fa077c8d66146a6bcd134bab896b_medium.jpg,https://avatars.steamstatic.com/91ab2f1db766fa077c8d66146a6bcd134bab896b_full.jpg,https://steamcommunity.com/profiles/76561198085401969/,,RU,,False,False
,35.0,,{'estimate': 2184},,875746465,76561198836012193,,False,0,76561198836012193,https://avatars.steamstatic.com/fef49e7fa7e1997310d705b2a6158ff8dc1cdfeb.jpg,https://avatars.steamstatic.com/fef49e7fa7e1997310d705b2a6158ff8dc1cdfeb_medium.jpg,https://avatars.steamstatic.com/fef49e7fa7e1997310d705b2a6158ff8dc1cdfeb_full.jpg,https://steamcommunity.com/profiles/76561198836012193/,,,,False,False
